seed,game_seconds,stop,ai,food,player_size,wall_seconds
1,69.21666666666403,game-over,76,23,20,0.992695656
2,23.88333333333326,game-over,70,53,20,0.39258606000000007
3,18.866666666666877,game-over,70,55,20,0.24050982099999987
4,10.066666666666746,game-over,64,175,20,0.13807574499999986
5,24.083333333333247,game-over,70,51,20,0.27306585400000016
6,19.100000000000197,game-over,70,64,20,0.22244328799999993
7,32.79999999999942,game-over,73,34,20,0.3674749179999999
8,59.51666666666457,game-over,76,35,20,0.6539744449999998
9,14.416666666666963,game-over,68,70,20,0.1740720140000003
10,7.866666666666644,game-over,64,209,20,0.10896486499999992
